,mult_RF,mult_KNN,mult_SVC,mult_NB
+time,0.675925925926,0.680555555556,0.68287037037,0.571759259259
+time_pops,0.694444444444,0.673611111111,0.675925925926,0.574074074074
+time_temp/cond,0.689814814815,0.664351851852,0.678240740741,0.576388888889
+time_pops_temp/cond,0.678240740741,0.638888888889,0.666666666667,0.574074074074
